Kovács Péter;25
Szabó Anna;30
Tóth László;45
Nagy Éva;28
Horváth Gábor;33
Kiss Mária;22
Molnár Tamás;40
Varga Katalin;35
Balogh István;50
Farkas Zsuzsa;27
Papp János;38
Takács Judit;29
Németh Attila;41
Simon Erzsébet;32
Fekete Dániel;26
Szilágyi Ágnes;31
Lukács András;36
Vörös Réka;24
Hajdú Ferenc;48
Illés Viktória;23
Sárközi Csaba;34
Gál Edit;37
Barna Tamás;42
Bíró Gabriella;25
Veres Lajos;39
Szűcs Klára;30
Katona Balázs;47
Juhász Anikó;28
Bognár Zoltán;33
Lázár Noémi;27
Deák Ádám;44
Antal Eszter;26
Kocsis Márton;40
Pálfi Ildikó;31
Török Bence;29
Somogyi Nóra;38
Boros Levente;35
Vass Kinga;24
Kertész Tamara;32
Major Viktor;41
Halász Orsolya;28
Mészáros Gergő;36
Puskás Brigitta;30
Szalai Zsolt;45
Csonka Tímea;27
Hegedűs Roland;33
Pataki Judit;25
Csorba Péter;39
Kelemen Krisztina;22
Vida Ákos;34